TIC ID,TOI,Previous CTOI,Master,SG1A,SG1B,SG2,SG3,SG4,SG5,ESM,TSM,Predicted Mass (M_Earth),Predicted RV Semi-amplitude (m/s),Time Series Observations,Spectroscopy Observations,Imaging Observations,TESS Disposition,TFOPWG Disposition,TESS Mag,TESS Mag err,Planet Name,Pipeline Signal ID,Source,Detection,RA,Dec,PM RA (mas/yr),PM RA err (mas/yr),PM Dec (mas/yr),PM Dec err (mas/yr),Epoch (BJD),Epoch (BJD) err,Period (days),Period (days) err,Duration (hours),Duration (hours) err,Depth (mmag),Depth (mmag) err,Depth (ppm),Depth (ppm) err,Planet Radius (R_Earth),Planet Radius (R_Earth) err,Planet Insolation (Earth Flux),Planet Equil Temp (K),Planet SNR,Stellar Distance (pc),Stellar Distance (pc) err,Stellar Eff Temp (K),Stellar Eff Temp (K) err,Stellar log(g) (cm/s^2),Stellar log(g) (cm/s^2) err,Stellar Radius (R_Sun),Stellar Radius (R_Sun) err,Stellar Metallicity,Stellar Metallicity err,Stellar Mass (M_Sun),Stellar Mass (M_Sun) err,Sectors,Date TOI Alerted (UTC),Date TOI Updated (UTC),Date Modified,Comments,Rp/R* (derived),needs_a_over_rstar,needs_inclination,needs_eccentricity
266980320,118.01,,2,5,5,4,4,2,4,15.5,105.9,18.15,6.5,5,5,7,CP,CP,9.179,0.006,,1,qlp-s68-ffi,SPOC,23:18:14.22,-56:54:14.35,313.918,0.039,-20.177,0.043,2460175.749118,0.0010809,6.0344667,5.9e-06,1.89,0.109,1.956086,0.054389,1800.0,50.0931,4.44029,0.243975,64.2648,788.0,42.0,94.1719,0.2512,5586.0,187.0,4.36763,0.270247,1.05,0.05,,,0.97,0.120939,"1,28,68",2018-09-05,2023-11-15,2025-07-31 12:59:22,HD 219666 b,0.042426406871192854,True,True,True
278683844,119.01,,1,5,5,5,3,1,4,4.5,60.1,4.84,1.9,4,45,1,PC,PC,9.2789,0.006,,1,qlp-s68-ffi,SPOC/QLP,06:36:57.22,-58:00:58.15,51.497,0.042,-205.6,0.049,2460189.428472,0.0008946,5.5411114,4.6e-06,2.467,0.438,0.687489,0.012777,633.0,11.7683,2.04482,0.124447,258.843,1117.0,54.0,66.6187,0.1003,5332.0,184.0,4.56429,0.272717,0.82,0.05,,,0.86,0.102503,"1,2,3,4,5,6,8,9,10,11,12,13,27,28,29,30,31,32,33,34,35,36,37,38,39,61,62,63,64,65,66,67,68",2019-05-07,2023-10-16,2025-07-31 12:59:22,Potential multi; slight depth aperture correlation with no offset,0.025159491250818247,True,True,True
278683844,119.02,,4,5,5,5,3,4,4,2.1,40.8,3.89,1.2,4,45,1,PC,PC,9.2789,0.006,,2,qlp-s68-ffi,SPOC/QLP,06:36:57.22,-58:00:58.15,51.497,0.042,-205.6,0.049,2460038.721177,0.0021308,10.6917268,2.12e-05,3.002,0.753,0.581024,0.021827,535.0,20.1029,1.79811,0.116694,42.2657,710.0,36.0,66.6187,0.1003,5332.0,184.0,4.56429,0.272717,0.82,0.05,,,0.86,0.102503,"1,2,3,4,5,6,8,9,10,11,12,13,27,28,29,30,31,32,33,34,35,36,37,38,39,61,62,63,64,65,66,67",2019-05-17,2023-10-16,2025-07-31 12:59:22,outer candidate in potential multi; variable host,0.023130067012440754,True,True,True
394137592,120.01,,3,5,5,3,4,4,4,79.7,229.1,90.88,26.4,0,22,4,CP,CP,7.1062,0.006,,1,sector-01-spoc-alerts,SPOC,00:17:47.32,-66:21:32.14,64.763,0.049,-5.056,0.041,2458332.082805,0.000707,11.535076,0.001035,8.555958,0.069027,2.597913,0.031416,2389.90616,28.935114,12.215808,1.480912,,,32.9,79.5702,0.17345,5479.3,57.0,3.77,0.08,2.48771,0.298399,-0.02,0.09,0.96,0.124471,1,2018-09-05,2021-12-07,2025-07-31 12:59:22,HD 1397 b	,0.04888666648484022,True,True,True
231702397,122.01,,2,5,5,2,4,3,4,3.2,66.8,7.46,5.9,11,1,5,CP,CP,13.084,0.007,,1,spoc-s01-s69-b0A-CP,SPOC,22:11:47.58,-58:56:45.91,138.138,0.089,-235.81,0.076,2458329.118988,0.0008659716,5.07803253491997,7.6383885e-06,1.21003530701906,0.27777362,6.450076,0.465919,5923.12830685094,429.03534,2.63477633626804,0.68248564,8.17431386481379,431.253643983621,15.281929,62.118,0.2158,3318.0,64.0,4.9581,0.407256,0.334125012159348,0.0100409,,,0.315858,0.0202514,"1,27,28,67,68",2018-09-05,2024-09-09,2025-07-31 12:59:22,TOI-122 b,0.07696186267789352,True,True,True
290131778,123.01,,3,5,5,5,4,5,3,410.6,671.4,317.0,116.6,3,21,14,CP,CP,7.87598,0.011,,1,qlp-s68-ffi,SPOC/QLP,21:18:47.9,-26:36:58.95,23.236,0.157,-57.557,0.152,2460175.035028,0.0012834,3.3088922,7.1e-06,6.114,0.702,5.154262,2.462493,4736.0,2265.47,24.9862,3.98163,17074.7,3184.0,133.0,161.498,2.4235,6188.0,194.0,4.27166,2.00586,2.62,0.13,,,1.263,0.201024,"1,28,68",2018-09-05,2023-11-15,2025-07-31 12:59:22,HD 202772 A b,0.06881860213634101,True,True,True
52368076,125.01,,1,5,5,5,4,1,2,5.5,56.7,7.65,3.1,15,6,5,CP,CP,10.1985,0.006,,1,qlp-s69-ffi,SPOC/QLP,01:34:22.42,-66:40:34.86,-119.8,0.066,-122.953,0.08,2460206.744249,0.0019795,4.6517186,8.3e-06,2.709,0.921,1.06237,0.086613,978.0,79.7705,2.66889,0.203698,540.772,1343.0,26.0,111.059,0.442,5154.0,182.0,4.47072,0.28501,0.85,0.05,,,0.91,0.110203,"1,2,28,68,69",2018-10-19,2023-11-15,2025-07-31 12:59:22,TOI-125 b / TOI 125.01,0.03127299154222378,True,True,True
52368076,125.02,,2,5,5,5,4,4,2,3.2,44.2,7.42,2.4,15,6,5,CP,CP,10.1985,0.006,,2,qlp-s69-ffi,SPOC,01:34:22.42,-66:40:34.86,-119.8,0.066,-122.953,0.08,2460202.049893,0.0032682,9.1549418,2.49e-05,2.457,0.341,1.196054,0.065582,1101.0,60.4017,2.62011,0.183373,42.2592,710.0,18.0,111.059,0.442,5154.0,182.0,4.47072,0.28501,0.85,0.05,,,0.91,0.110203,"1,2,28,68,69",2018-10-19,2024-10-02,2025-07-31 12:59:22,TOI-125 c / TOI-125.02,0.03318132004607412,True,True,True
52368076,125.03,,1,5,5,5,4,4,1,1.5,32.8,7.07,1.8,15,6,5,CP,CP,10.1985,0.006,,3,qlp-s69-ffi,SPOC,01:34:22.42,-66:40:34.86,-119.8,0.066,-122.953,0.08,2460181.146579,0.0052731,19.9815709,8.96e-05,2.724,0.716,0.987383,0.076907,909.0,70.8314,2.54717,0.192388,16.5853,562.0,10.0,111.059,0.442,5154.0,182.0,4.47072,0.28501,0.85,0.05,,,0.91,0.110203,"1,2,28,68,69",2018-10-19,2023-10-18,2025-07-31 12:59:22,TOI-125 d,0.030149626863362672,True,True,True
52368076,125.04,,3,5,5,3,4,4,4,,,9.14,,15,6,5,PC,PC,10.1985,0.006,,4,spoc-s01-s69-b0A-PC,SPOC,01:34:22.42,-66:40:34.86,-119.8,0.066,-122.953,0.08,2460188.729278,0.007986873,0.0,0.0,4.623521076986186,0.6532439,0.802403,0.1348,738.7670156390292,124.14746,2.9700035347110245,0.3969914,11.06618675144672,465.1780869598285,8.09336,111.059,0.442,5154.0,182.0,4.47072,0.28501,0.8522660136222839,0.0497186,,,0.91,0.110203,"1,2,28,68,69",2025-06-05,2025-06-05,2025-07-22 14:39:41,single transit at TBJD  ~ 3188.7,0.02718026886620199,True,True,True
234523599,127.01,,5,5,5,5,4,5,5,34.9,146.7,76.0,53.9,3,0,0,CP,CP,14.1266,0.007,,1,spoc-s01-s36-b0A-CPKP,SPOC,01:02:12.45,-61:45:22.08,78.858,0.087,-27.095,0.064,2458325.650603,0.00024310609,3.79551778380905,2.2713773e-06,2.01981348473053,0.031575486,58.298733,0.608638,52278.9940978848,560.4189,10.3261619477101,0.33078393,18.0832335970318,525.943113131369,75.709694,140.225,0.86,3424.0,,4.438,,0.445371985435486,0.01356,,,0.44159,0.0205201,"1,2,28,29",2018-11-14,2021-12-09,2025-07-31 12:59:22,HATS-71 b,0.22864600170981517,True,True,True
391949880,128.01,,1,5,5,1,4,4,4,8.0,90.3,5.99,2.1,4,13,6,PC,CP,7.9849,0.006,,1,qlp-s68-ffi,SPOC/QLP,05:18:05.03,-80:57:51.78,-49.146,0.042,45.307,0.046,2460175.867159,0.0012993,4.9404714,7.1e-06,1.954,0.417,0.494122,0.018553,455.0,17.088,2.3216,0.116622,320.012,1178.0,43.0,68.4727,0.119,6086.0,193.0,4.26269,0.26143,1.13,0.05,,,1.13,0.151237,"1,8,11,12,13,27,28,31,38,39,61,62,65,66,67,68",2018-09-05,2023-11-16,2025-07-31 12:59:22,variable host; two stars in pixel,0.02133072900770154,True,True,True
201248411,129.01,,3,5,5,3,4,4,4,108.7,330.7,29.49,24.1,12,1,1,CP,CP,9.9005,0.006,,1,spoc-s01-s36-b0A-CPKP,SPOC,00:00:44.55,-54:49:50.96,-202.815,0.031,-71.518,0.029,2460205.646862,0.000584,0.980972,5e-07,0.54050355175474,0.026238935,6.728913,0.065402,6178.39242097547,60.235405,5.91629233324987,0.7808294,719.56290446087,1320.95170904155,167.35898,61.7856,0.0805,4486.0,175.0,4.49914,0.338797,0.764401018619537,0.0628191,,,0.7,0.0867846,"1,2,28,29,68,69",2018-10-22,2023-11-15,2025-07-31 12:59:22,TOI 129.01 / HIP 65 A b,0.0786027507214313,True,True,True
263003176,130.01,,3,5,5,5,4,3,4,4.3,73.4,5.9,1.4,2,9,5,CP,CP,7.4371,0.006,,1,spoc-s01-s69-b0A-CP,SPOC,00:50:11.23,-83:44:37.56,139.424,0.056,30.476,0.042,2458336.557651,0.0011119779,14.3392144225603,2.232218e-05,4.60647385532854,0.35378832,0.426381,0.013446,392.634687150864,12.384206,2.29632326005693,0.759807,118.753848841067,841.941027573274,32.31029,57.5846,0.0945,6295.7,56.481,4.438,,1.13742005825043,0.0451659,,,1.23,0.18151,"1,12,13,27,39,66",2018-09-05,2024-09-17,2025-07-31 12:59:22,HD 5278 b,0.019815011661638356,True,True,True
89020549,132.01,,2,5,5,2,4,4,4,11.2,70.8,12.91,6.9,12,2,8,CP,CP,10.8061,0.006,,1,spoc-s01-s69-b0A-CP,SPOC,22:33:35.92,-43:26:12.74,35.553,0.043,-53.055,0.054,2458326.904918,0.00072425185,2.1096804606002526,3.959725e-06,2.134404262210766,0.18656987,1.422953,0.05524,1309.729712583484,50.87656,3.639672521841595,0.5658798,644.2138135898209,1284.923457975856,23.500671,163.678,0.987,5673.0,188.0,4.55383,0.4189,0.940805971622467,0.0527538,,,0.91,0.113124,"1,28,68",2018-09-05,2025-06-04,2025-07-31 12:59:22,TOI-132 b / TOI-132.01,0.036190188070573545,True,True,True
219338557,133.01,,2,4,4,2,3,4,4,2.8,51.1,4.36,1.8,11,15,3,PC,PC,9.9762,0.006,,1,spoc-s01-s69-b0A-PC,SPOC,23:37:35.37,-58:57:18.28,196.638,0.043,-102.545,0.044,2458327.280273,0.00151152,8.19953684997134,1.6793305e-05,2.11682774509722,0.28085628,0.981264,0.067498,903.369443082931,62.166122,1.92262107527196,1.4381217,26.2353114061525,577.219913566422,14.419014,48.6326,0.06345,4028.0,170.0,4.55902,0.201108,0.650533020496368,0.0558995,,,0.67,0.0852257,"1,28,68",2018-09-05,2024-04-24,2025-07-31 12:59:22,,0.03005610492201095,True,True,True
234994474,134.01,,1,5,5,5,4,1,4,11.3,15.5,2.74,2.2,7,5,9,CP,CP,9.22978,0.007,,1,spoc-s01-s69-b0A-CP,SPOC/QLP,23:20:06.86,-60:03:56.63,-319.961,0.102,-127.781,0.115,2458326.034032,0.0005663934,1.40151826016575,4.8102324e-06,1.15830613665695,0.32550693,0.644852,0.04648,593.754092156108,42.808456,1.46168531327277,1.8385029,149.374754283149,891.638988536703,20.450527,25.1496,0.0239,3794.0,69.0,4.67812,0.063226,0.597006976604462,0.01815,,,0.58564,0.0205272,"1,28,68",2018-09-05,2024-09-30,2025-07-31 12:59:22,L 168-9 b,0.02436706983114933,True,True,True
267263253,135.01,,5,5,5,5,4,5,5,146.8,206.2,317.0,98.2,2,1,3,CP,CP,9.2205,0.006,,1,qlp-s68-ffi,SPOC,00:29:18.94,-76:18:14.52,-2.97,0.037,6.961,0.031,2460174.637067,0.000188,4.1269046,8e-07,4.405,0.016,11.823757,0.037289,10831.0,34.3442,17.0952,0.698036,1436.49,1715.0,389.0,196.852,0.774,6888.0,204.0,4.23416,0.355654,1.59,0.06,,,1.46,0.249445,"1,27,28,67,68",2018-09-05,2023-11-16,2025-07-31 12:59:22,HD 2685b,0.10407209039891531,True,True,True
410153553,136.01,,1,5,5,5,4,1,4,38.2,326.7,2.92,8.2,11,1,5,PC,CP,11.9238,0.008,,1,spoc,UNKNOWN,22:41:59.09,-69:10:19.59,334.357,0.083,-726.974,0.086,2459036.323679,0.00038085453,0.462884405273262,1.5224909e-05,0.558821920788134,0.08828183,4.885837,0.188836,4489.91192153051,173.90933,1.35432368024304,0.18157507,64.7181040420166,723.396154940473,25.038494,14.8846,0.0113,3043.0,63.0,5.09707,0.426694,0.188624,0.00571031,,,0.157909,0.0200668,"1,27",2018-09-05,2020-10-27,2025-07-31 12:59:22,Level 1 target. Potential short period small planet around an M dwarf.,0.06700680503896982,True,True,True
62483237,139.01,,1,4,1,5,4,3,1,3.9,69.2,6.07,2.2,9,9,7,CP,CP,9.3636,0.006,,1,spoc-s01-s69-b0A-PC,SPOC/QLP,22:25:36.58,-34:54:34.97,26.43,0.071,-30.255,0.08,2458334.891563,0.0013814847,11.0708575296637,2.77106e-05,2.19376165846134,0.31063417,1.249025,0.099718,1149.7328034023,91.839714,2.33376480352517,1.646811,22.4219066160939,554.993484245593,12.694616,42.4061,0.0763,4356.0,173.0,4.53491,0.3608,0.700726985931396,0.0575277,,,0.69,0.0852195,"1,28,68",2018-09-05,2024-09-09,2025-07-31 12:59:22,TOI-139 b,0.033907710087859075,True,True,True
403224672,141.01,,1,5,5,5,4,1,2,13.3,129.0,3.62,2.2,12,14,21,CP,CP,7.384,0.006,,1,qlp-s68-ffi,SPOC,22:35:56.09,-59:51:53.38,-108.388,0.05,-84.419,0.064,2460178.671412,0.0016377,1.0082361,1.5e-06,1.41,0.24,0.247576,0.013239,228.0,12.1939,1.7202,0.0924458,1882.94,1835.0,26.0,48.0883,0.0989,5795.29,44.5804,4.438,,1.13,0.05,,,1.04,0.129204,"1,27,28,68",2018-09-05,2023-11-15,2025-07-31 12:59:22,HD 213885 b,0.0150996688705415,True,True,True
425934411,142.01,,3,5,5,3,1,4,4,90.9,142.8,106.62,102.2,9,0,0,PC,PC,14.7109,0.007,,1,spoc-s01-s69-b0A-PC,SPOC,00:18:25.41,-62:50:52.35,6.11,0.068,5.18,0.059,2458325.485901,0.00031706883,0.853353400370258,2.794214e-06,1.20187368372282,0.050757922,27.577917,1.143004,25080.3290694969,1052.1915,12.6007180262434,4.5996604,262.102538592811,1026.21310498321,37.0026,320.237,4.469,3658.0,162.0,4.438,,0.608075976371765,0.0190377,,,0.594628,0.0208477,"1,2,28,29,68,69",2018-11-14,2024-04-24,2025-07-31 12:59:22,V-shaped; slight odd-even depending on detrending,0.1583677021033547,True,True,True
261136679,144.01,,1,5,5,5,4,1,1,17.1,202.3,4.65,1.5,0,15,4,CP,CP,5.1054,0.006,,1,qlp-s62-ffi,SPOC,05:37:11.83,-80:27:52.57,311.187,0.127,1048.84,0.136,2460011.550653,0.0028276,6.267832,2.29e-05,2.789,0.237,0.348577,0.008096,321.0,7.45646,1.99779,0.0837751,203.434,1052.0,53.0,18.2702,0.0226,5950.0,,4.438,,1.15,0.05,0.0887839,0.00649598,1.1,0.140389,"1,4,8,11,12,13,27,28,31,34,38,39,61,62",2019-05-07,2023-04-04,2025-07-31 12:59:22,pi Men c,0.017916472867168916,True,True,True
265612438,145.01,,3,4,4,3,3,4,4,14.1,46.3,58.95,22.3,10,1,3,PC,PC,11.6789,0.006,,1,qlp-s28-tois,QLP,22:12:41.93,-55:58:43.69,-5.816,0.065,-4.917,0.063,2459060.6424,0.00377,5.13002,3e-05,4.78,0.69,3.671647,0.002188,3376.0,2.01525,8.86428,0.524885,842.866,1501.0,22.0,438.421,8.695,5430.7,64.5,4.4,2.0,1.58,0.08,,,0.97,0.117664,"1,27,28",2018-09-05,2021-12-07,2025-07-31 12:59:22,Some confusion about whether source is this star or the close pair of equal brightness stars to the NE (260985864)- but difference image seems to indicate source is more likely to be this star.,0.058103356185335804,True,True,True
393940766,148.01,,3,4,4,3,4,3,5,13.0,60.0,43.22,15.0,11,2,1,PC,CP,11.7835,0.006,,1,qlp-s28-tois,QLP,22:33:16.99,-38:09:35.38,22.348,0.07,-25.839,0.072,2458327.32937,0.00191,4.86709,2e-05,3.103,0.389,4.580598,0.003424,4210.0,3.15395,7.42915,0.444077,435.152,1272.0,14.0,395.257,9.729,5814.3,793.8,4.34,2.0,1.15,0.06,,,1.13,0.153555,"1,28",2018-09-05,2022-10-17,2025-07-31 12:59:22,Planet candidate around 393940766 to the NW.,0.06488451279003334,True,True,True
260985861,149.01,,3,5,5,3,3,4,4,108.6,129.9,317.0,111.6,4,1,1,PC,PC,10.8727,0.01,,1,spoc-s01-s69-b0A-PC,QLP,05:06:32.44,-80:46:04.83,-7.91,0.16,22.707,0.195,2458597.939863,0.0002238981,3.33994317642266,1.3291042e-06,4.25347040913592,0.029700065,9.897027,0.083704,9074.07878323563,77.09109,,,522.442709948076,1219.35191173938,117.076,380.81,9.2885,5095.6,1212.6,,,,,,,,,"11,12,13,27,28,38,39,61,62,65,66,67,68",2018-09-05,2024-02-23,2025-07-31 12:59:22,multiple stars in pixel; no stellar radius,0.09525795915951396,True,True,True
271893367,150.01,,3,5,5,3,4,4,4,40.6,104.4,125.8,41.9,4,2,3,CP,CP,10.9031,0.006,,1,spoc-s01-s39-b0A-CP,QLP,07:31:51.7,-73:36:21.73,-15.215,0.029,27.144,0.033,2459995.645628,0.0014220501,5.85740753759727,3.0940705e-06,5.85480292934519,0.02472023,7.069098,0.029277,6489.73023457872,26.96511,13.8892761532574,0.61632216,750.922027314322,1335.1143400762,157.52177,336.267,1.916,5982.9,108.8,4.03,0.08,1.6798700094223,0.0741256,0.211186,0.046085,1.1,0.141051,"9,10,11,12,13,27,28,29,30,31,32,33,34,35,36,37,39,61,62",2018-09-05,2023-10-05,2025-07-31 12:59:22,TOI 150 b,0.08055886192455006,True,True,True
129637892,155.01,,3,4,3,3,4,4,4,12.1,66.7,24.36,7.2,6,10,4,PC,PC,9.0284,0.006,,1,qlp-s68-ffi,QLP,21:24:27.6,-37:51:00.65,7.193,0.049,-6.279,0.051,2460168.813769,0.0018141,5.4499753,7.9e-06,4.319,0.361,1.056936,0.025955,973.0,23.9056,5.28759,0.246683,839.203,1499.0,26.0,187.131,1.351,6220.5,151.8,3.99,0.36,1.79,0.08,,,1.35,0.213853,"1,28,68",2018-09-05,2023-11-16,2025-07-31 12:59:22,,0.031192947920964442,True,True,True
140691463,157.01,,3,5,5,3,4,4,4,70.6,155.0,119.01,59.6,8,1,1,CP,CP,12.0166,0.006,,1,spoc-s01-s69-b0A-CP,QLP,04:54:48.35,-76:40:50.18,11.712,0.035,-18.922,0.05,2458543.338324,6.235237e-05,2.08454341779798,2.925569e-07,2.01703803867042,0.008200487,13.662544,0.047224,12504.8250190009,43.493595,13.4432705000237,0.7049504,1085.49425855578,1463.95130869393,371.14728,355.683,2.826,5638.0,133.9,4.35,0.08,1.10645997524261,0.0579346,,,1.0,0.132466,"9,11,12,13,27,28,29,30,31,32,33,34,35,36,37,38,39,61,62,63,64,65,66,67,68,69",2018-09-05,2024-02-14,2025-07-31 12:59:22,TOI-157b (Nielsen+2020),0.11182497493404996,True,True,True
394657039,159.01,,3,4,4,3,3,4,4,90.2,121.3,317.0,98.2,6,3,4,PC,PC,10.5132,0.006,,1,qlp-s39-tois,QLP,03:27:07.74,-78:32:59.39,11.616,0.057,1.959,0.043,2459382.232709,0.0004284,3.7628372,3.2e-06,3.956,0.019,12.404555,0.000206,11360.0,0.18932,17.3305867366452,0.7854587,1797.82720739528,1660.75946671256,297.0,347.593,2.519,6979.2,136.5,4.22,0.09,1.58746004104614,0.0717136,0.17,0.12,1.53,0.269377,"1,2,12,13,28,32,39",2018-09-05,2022-10-17,2025-12-03 00:00:00,low amplitude pulsations ~ 1 day potentially phased with planet period,0.10658330075579382,True,True,True
348770361,161.01,,3,4,4,3,3,4,4,9.7,52.9,19.52,9.3,9,0,5,PC,PC,11.4964,0.006,,1,qlp-s39-tois,QLP,03:06:44.77,-82:18:58.93,14.9,2.9,4.7,2.8,2459388.787312,0.0011539,2.7684331,5.5e-06,4.223,0.117,3.517067,0.058942,3234.09711123576,54.28633,4.61938,,1330.16,,45.0,333.651,,5388.0,,,,0.98,,,,,,"1,12,13,27,28,39",2018-09-05,2022-10-17,2025-07-31 12:59:22,,0.05686912265224214,True,True,True
179317684,163.01,,3,5,5,3,4,4,4,49.3,55.8,317.0,99.7,4,0,3,CP,CP,10.8719,0.006,,1,spoc-s01-s69-b0A-CP,QLP,05:19:04.38,-71:53:43.9,7.14,0.067,16.374,0.078,2458544.670293,9.975855e-05,4.2311172621589,6.345285e-07,4.35316354320607,0.013488421,7.912593,0.021517,7261.27593605794,19.817411,14.6260711096069,0.68786657,1489.1126253479,1584.35185260097,371.85303,411.719,8.01,6671.0,130.6,4.14,0.09,1.66401994228363,0.0781055,,,1.41,0.244606,"9,10,11,12,13,27,28,29,30,31,32,33,34,35,36,37,38,39,61,62,63,64,65,66,68,69",2018-09-05,2024-02-14,2025-07-31 12:59:22,TOI-163 b,0.08521312068019772,True,True,True
147203645,166.01,,3,4,4,3,3,4,4,39.0,149.7,61.86,24.0,12,0,4,PC,PC,10.7258,0.006,,1,spoc-s01-s69-b0A-PC,QLP,21:32:47.06,-44:01:04.93,29.817,0.047,-58.517,0.051,2459065.316593,0.0005116646,5.06113147515493,3.9168817e-06,1.55624141946912,0.055441506,5.743547,0.285125,5276.03493015904,262.57532,9.14843017114491,1.1914712,239.141879460706,1002.96010679198,39.23764,172.157,0.9805,5254.0,152.9,4.45,0.36,1.00216996669769,0.0537965,,,0.94,0.118538,"1,28,68",2018-09-05,2024-05-01,2025-07-31 12:59:22,,0.07263631963528329,True,True,True
149990841,167.01,,3,4,3,5,3,4,4,25.0,94.3,59.25,22.4,5,1,7,PC,PC,11.6349,0.006,,1,qlp-s39-tois,QLP,06:02:39,-64:49:10.14,-3.606,2.124,14.96,2.074,2459387.893848,0.0003729,4.4531846,2.7e-06,1.687,0.13,6.435737,0.001116,5910.0,1.0276,,,184.842,1027.0,88.0,310.951,158.505,5766.0,158.9,,,,,,,,,"1,2,4,5,7,8,9,11,12,27,28,29,31,32,34,35,36,37",2018-09-05,2022-10-17,2025-07-31 12:59:22,no stellar radius; Gaia DR2 Teff + plx indicate sun-like star,0.07687652437513028,True,True,True
369457671,168.01,,1,4,4,1,3,3,4,10.3,68.3,11.46,6.8,16,5,5,PC,PC,11.5147,0.006,,1,qlp-s27-ffi,QLP,20:46:34.46,-37:54:15.83,14.801,0.076,-11.655,0.048,2458326.4928,0.00197,2.31446,1e-05,1.347,0.367,1.292795,0.004951,1190.0,4.56033,3.40668,0.294554,176.692,1015.0,10.0,130.977,0.8125,4801.5,126.2,,,0.73,0.05,,,0.74,0.0916005,"1,27",2018-09-05,2021-12-07,2025-07-31 12:59:22,,0.034496376621320685,True,True,True
183120439,169.01,,3,5,5,3,4,4,4,39.7,105.1,85.34,40.3,6,1,2,CP,CP,11.788,0.006,,1,spoc-s01-s36-b0A-CPKP,QLP,01:07:06.89,-75:11:56.2,20.225,0.05,-15.607,0.048,2459062.718052,0.0012657759,2.25544592236528,4.458845e-06,1.66786040481136,0.04603705,5.751925,0.15637,5283.71039006994,144.01193,11.0535292842194,0.5730389,1472.00952174388,1579.78288467845,34.75056,407.84,4.1945,5817.0,126.7,4.23,0.07,1.29660999774933,0.0621181,,,1.05,0.12634,"13,27,28",2018-09-05,2022-10-17,2025-07-31 12:59:22,TOI 169 b,0.07268913529592948,True,True,True
394698182,170.01,,3,5,5,3,3,4,4,46.4,121.1,126.76,49.1,8,8,1,PC,PC,11.9692,0.006,,1,qlp-s39-tois,QLP,03:39:57.5,-83:05:18.66,29.232,0.057,14.991,0.061,2459387.008657,0.0003683,3.7115129,2.2e-06,2.685,0.064,13.415381,0.001041,12280.0,0.958993,13.941,0.66669,399.006,1245.0,156.0,428.915,5.21,5973.0,131.5,4.31,0.08,1.22,0.06,,,1.1,0.144306,"12,13,27,28,39",2018-09-05,2022-10-17,2025-07-31 12:59:22,,0.11081516141756055,True,True,True
309257814,171.01,,3,5,5,3,3,4,4,106.5,203.5,100.78,65.3,22,2,3,PC,PC,11.6626,0.006,,1,spoc-s01-s65-b0A-PC,QLP,08:17:04.66,-63:12:48.25,-13.511,0.045,19.48,0.037,2458570.408133,0.00017813277,1.23860103460573,1.3787512e-06,1.9048913439245,0.03809019,13.291758,0.276437,12167.5309178432,254.57571,12.1897562489188,0.7835738,1709.45693314707,1639.96390902282,64.7628,256.345,1.463,5237.0,183.0,4.2427,0.42297,1.10722994804382,0.0651181,,,0.88,0.109325,"1,8,9,10,11,28,31,35,36,37,38,61,62,63,64",2019-06-11,2025-01-14,2025-07-31 12:59:22,,0.11030653161913487,True,True,True
29857954,172.01,,4,5,5,5,4,5,4,15.7,55.7,69.55,20.6,5,28,12,CP,CP,10.7379,0.006,,1,qlp-s28-tois,QLP,21:06:31.65,-26:41:34.32,-4.711,0.094,-54.25,0.069,2458326.92242,0.00173,9.47686,4e-05,4.392,0.243,3.240324,0.001167,2980.0,1.07525,9.80856,0.54867,161.969,993.0,14.0,342.831,7.221,5801.8,235.6,4.32,2.0,1.79,0.09,,,1.031,0.12794,"1,28",2018-09-05,2022-10-17,2025-07-31 12:59:22,TOI-172 b,0.054589376255824724,True,True,True
270341214,173.01,,3,4,4,3,3,4,4,25.7,158.3,97.94,16.1,22,29,3,PC,PC,8.8784,0.006,,1,spoc-s01-s69-b0A-PC,SPOC,02:13:50.12,-80:34:57.76,22.849,0.057,19.459,0.05,2458333.410136,0.00037007008,29.7537451413829,1.0696793e-05,8.07804450406273,0.031075664,6.917315,0.05193,6350.82994074537,47.828358,11.986897642935,0.5028346,86.5625630949938,777.951059113887,128.69139,152.023,0.6405,6409.0,197.0,4.20097,0.320295,1.46862995624542,0.0610553,,,1.41,0.233008,"1,13,27,28,39,66,67,68",2018-08-30,2024-03-11,2025-07-31 12:59:22,unrelated longer duration partial transit at end of s13; potential multi,0.07969209459378872,True,True,True
270341214,173.02,,1,4,1,1,3,4,4,2.8,35.8,7.44,1.8,22,29,3,PC,PC,8.8784,0.006,,2,spoc-s1-s69-b0A-PC,SPOC,02:13:50.12,-80:34:57.76,22.849,0.057,19.459,0.05,2458329.295582,0.0020004397,9.17022647673136,2.3407174e-05,5.68558419067641,0.71033275,0.332268,0.027282,305.983567693523,25.12709,2.63177542874414,1.4249274,415.79463068641,1151.70027032076,10.224759,152.023,0.6405,6409.0,197.0,4.20097,0.320295,1.46862995624542,0.0610553,,,1.41,0.233008,"1,13,27,28,39,66,68",2024-05-30,2024-06-05,2025-07-31 12:59:22,possible odd-even; variable host; potential multi; near 3:1 resonance with TOI 173.01 (P~30 days); low MES,0.017492385992011583,True,True,True
425997655,174.01,,1,5,5,1,4,4,4,2.0,60.0,4.18,1.2,17,20,3,CP,CP,8.7513,0.006,,1,qlp-s69-ffi,SPOC,03:41:50.17,-62:46:02.16,-102.571,0.05,-43.917,0.059,2460180.378105,0.0017731,17.6671687,2.92e-05,2.525,0.14,0.927615,0.037816,854.0,34.8289,1.87042,0.12665,7.60884,462.0,26.0,39.0341,0.04005,4813.0,111.0,4.38,0.21,0.69,0.04,-0.19,0.08,0.78,0.0888069,"1,2,3,4,11,29,30,31,34,64,68,69",2019-05-07,2023-11-15,2025-07-31 12:59:22,HD 23472 b / TOI 174.01,0.029223278392404916,True,True,True
425997655,174.02,,4,5,5,5,4,4,4,0.8,41.5,3.24,0.8,17,20,3,CP,CP,8.7513,0.006,,2,qlp-s68-ffi,SPOC,03:41:50.17,-62:46:02.16,-102.571,0.05,-43.917,0.059,2460157.951364,0.004136,29.7975205,8.87e-05,2.782,0.202,0.728774,0.036088,671.0,33.2375,1.60982,0.115321,3.2713,374.0,17.0,39.0341,0.04005,4813.0,111.0,4.38,0.21,0.69,0.04,-0.19,0.08,0.78,0.0888069,"1,2,3,4,11,29,30,31,34,64,68",2019-05-17,2023-11-15,2025-07-31 12:59:22,HD 23472 c; multi,0.02590366769397724,True,True,True
425997655,174.03,,2,5,5,2,4,4,4,1.1,6.1,1.65,0.5,17,20,3,CP,CP,8.7513,0.006,,3,qlp-s69-ffi,SPOC,03:41:50.17,-62:46:02.16,-102.571,0.05,-43.917,0.059,2460184.414244,0.0035407,12.1623316,4.41e-05,2.614,0.919,0.344233,0.02919,317.0,26.885,1.15643,0.097689,27.5458,638.0,14.0,39.0341,0.04005,4813.0,111.0,4.38,0.21,0.69,0.04,-0.19,0.08,0.78,0.0888069,"1,2,3,4,11,29,30,31,34,64,68,69",2019-05-17,2023-11-15,2025-07-31 12:59:22,HD 23472 f / TOI 174.03,0.017804493814764857,True,True,True
425997655,174.04,,2,5,5,2,4,4,4,1.3,11.4,0.36,0.2,17,20,3,CP,CP,8.7513,0.006,,4,qlp-s69-ffi,SPOC,03:41:50.17,-62:46:02.16,-102.571,0.05,-43.917,0.059,2460203.017928,0.0041223,3.9766833,1.42e-05,1.859,0.302,0.154185,0.013163,142.0,12.1233,0.757588,0.0655541,89.0886,855.0,9.0,39.0341,0.04005,4813.0,111.0,4.38,0.21,0.69,0.04,-0.19,0.08,0.78,0.0888069,"1,2,3,4,11,29,30,31,34,64,68,69",2019-05-17,2023-11-15,2025-07-31 12:59:22,HD 23472 d / TOI 174.04,0.011916375287812985,True,True,True
425997655,174.05,TIC 425997655.05,1,5,5,1,4,4,4,1.2,7.8,0.88,0.3,17,20,3,CP,CP,8.7513,0.006,,5,qlp-s69-ffi,SPOC,03:41:50.17,-62:46:02.16,-102.571,0.05,-43.917,0.059,2460197.038739,0.0041425,7.9076222,2.62e-05,2.611,0.411,0.23563,0.015555,217.0,14.3268,0.969819,0.073197,44.8107,720.0,13.0,39.0341,0.04005,4813.0,111.0,4.38,0.21,0.69,0.04,-0.19,0.08,0.78,0.0888069,"1,2,3,4,11,29,30,31,34,64,68,69",2021-10-21,2023-11-15,2025-07-31 12:59:22,HD 23472 e/ TOI 174.05,0.014730919862656235,True,True,True
307210830,175.01,,1,5,5,1,4,2,4,8.0,29.3,2.5,2.4,20,7,6,CP,CP,9.41242,0.007,,1,qlp-s87-ffi,QLP,08:18:07.89,-68:18:52.08,94.768,0.054,-340.47,0.052,2460688.70837,0.000380081725349,3.690675857802184,1.0080013588e-06,1.107,0.081,1.800557,0.04718,1657.0,43.4539,1.36751,0.0448017,8.77401,479.0,80.0,10.6194,0.0032,3469.0,68.0,4.9401,0.058929,0.31,0.01,,,0.292836,0.0201481,"2,5,8,9,10,11,12,28,29,32,35,36,37,38,39,61,62,63,64,65,69,87",2019-05-07,2025-07-09,2025-07-31 12:59:22,L 98-59 c; TOI 175.01,0.04070626487409524,True,True,True
307210830,175.02,,4,5,5,5,4,4,4,16.5,441.8,9.75,7.3,20,7,6,CP,CP,9.41242,0.007,,2,qlp-s63-ffi,SPOC,08:18:07.89,-68:18:52.08,94.768,0.054,-340.47,0.052,2460039.154503,0.0004444,7.4507305,3.2e-06,0.475,0.12,1.675497,4.72609,1542.0,4343.43,3.04528,0.856434,1.96064,329.0,40.0,10.6194,0.0032,3469.0,68.0,4.9401,0.058929,0.31,0.01,,,0.292836,0.0201481,"2,5,8,9,10,11,12,28,29,32,35,36,37,38,39,61,62,63",2019-05-07,2023-05-11,2025-07-31 12:59:22,L 98-59 d/TOI 175.02,0.039268307832143724,True,True,True
307210830,175.03,,4,5,5,5,4,4,4,4.8,37.2,0.49,0.5,20,7,6,CP,CP,9.41242,0.007,,3,spoc-s01-s69-b0A-CP,SPOC/QLP,08:18:07.89,-68:18:52.08,94.768,0.054,-340.47,0.052,2458354.907237,0.00023326691,2.253106161749305,1.9869076e-06,0.9939836545373176,0.12545682,0.741156,0.024349,682.3972723387841,22.426283,0.8266350041824014,0.38915795,24.478221291489,567.3025212913068,43.44456,10.6194,0.0032,3469.0,68.0,4.9401,0.058929,0.31415998935699463,0.00932381,,,0.292836,0.0201481,"2,5,8,9,10,11,12,28,29,32,35,36,37,38,39,61,62,63,64,65,69",2019-05-07,2025-07-09,2025-09-18 12:19:01,L 98-59 b / TOI 175.03,0.026122734779092025,True,True,True
262530407,177.01,,1,5,5,1,4,4,4,12.7,136.7,4.71,3.3,8,5,3,CP,CP,9.49275,0.007,,1,qlp-s69-ffi,SPOC/QLP,01:21:45.22,-46:42:53,-111.206,0.058,-79.827,0.068,2460204.963281,0.0008831,2.8531016,1.7e-06,1.142,0.173,1.515659,0.130923,1395.0,120.577,2.02068,0.114301,23.0419,610.0,28.0,22.4751,0.02605,3703.0,66.0,4.76229,0.061557,0.52,0.02,,,0.515356,0.0204259,"2,3,29,69",2018-12-20,2024-09-30,2025-07-31 12:59:22,GJ 3090 b,0.0373496987939662,True,True,True
